shift,layer,name,ticker,exchange,listing_verified,market_cap,market_cap_date,market_cap_source_url,exposure_pct,exposure_is_estimate,exposure_reasoning,exposure_filing_url,segment_growth,gm_trend_3y,customer_concentration,net_cash_or_debt,founder_led,year_founded,core_business_constant,insider_ownership,catalyst_1,catalyst_2,catalyst_3,why_this_row,ev_sales,ev_ebitda,analyst_count,keyword_note,short_interest,priced_in_score,priced_in_inputs,options_listed,leaps,iv_vs_1y_range,convertibles,adv_usd,primary_source_url,access_date,dropped,drop_reason
memory,HBM stacks,"Micron Technology, Inc.",MU,NASDAQ-GS,yes,$1.051T,"Sep 2, 2026 8:55 AM ET",https://api.nasdaq.com/api/quote/MU/info?assetclass=stocks,"CMBU 36.2% of FY2025 (upper bound; includes non-HBM). HBM-only not in the record. Combined HBM+HCDIMM+LP-server $10B = 27% (company deck, estimate container).",container filing-sourced; HBM-only estimate,FY2025 10-K CMBU $13.52B of $37.378B includes HBM for all data-center customers plus DDR/LPDDR/GDDR.,https://www.sec.gov/Archives/edgar/data/723125/000072312525000028/mu-20250828.htm,CMBU $1.87B -> $3.79B -> $13.52B FY23-25,FY2023 37.6%; FY2024 45.2%; FY2025 -9.1%,"one customer 17% FY2025, primarily CMBU",cash $25.00B at 2026-05-28 (XBRL; debt not netted unless noted),no,1978,yes,,2026-09-30 FY Q4 earnings (Yahoo),HBM4 36GB samples (10-K),SCA mix vs spot,US HBM IDM; thesis treated as priced-in.,11.46 (Yahoo),15.17 (Yahoo),45 (Yahoo),HBM step-change vs FY2023 (qualitative),"30,016,025 shares, 1.0 days, settlement 08/14/2026",5,$1.05T; EV/S 11.5x; HBM headline; 45 analysts,yes,chain records 1577; LEAP expiries not fully enumerated except MU through 2028-12-15,not in the record,not in the record of excerpted notes,$38.57B,https://www.sec.gov/Archives/edgar/data/723125/000072312525000028/mu-20250828.htm,2026-09-02,,
memory,Memory-interface / CXL IP,Rambus Inc.,RMBS,NASDAQ-GS,yes,$9.05B,"Sep 2, 2026 8:37 AM ET",https://api.nasdaq.com/api/quote/RMBS/info?assetclass=stocks,HBM/CXL controller IP 11% of FY2025 sales and shrinking; product chips (DDR5 RCD) are the majority,no (IP %),Server DIMM glue labeled product+royalty. Shortlisted as minority architecture residual.,https://www.sec.gov/Archives/edgar/data/917273/000119312526057101/rmbs-20251231.htm,rev $328m/$455m/$461m FY23-25 (XBRL),FY2023 78.6%; FY2024 76.3%; FY2025 77.6%,top-five 66% (10-K),cash $134.3M at 2026-03-31 (XBRL; debt not netted unless noted),no,1990,partially,,2026-10-26 earnings,FY2026 mix product vs IP,CXL.mem 2027 platforms,Shortlist. DDR5 RCD; IP 11%; 52w $174 to $84.,11.04 (Yahoo),26.39 (Yahoo),8 (Yahoo),DDR5 cycle; CXL not lead sentence,"5,432,091 shares, 2.832408 days, settlement 08/14/2026",3,8 analysts; 52w collapse; IP already 11%,yes,chain records 25; LEAP expiries not fully enumerated except MU through 2028-12-15,not in the record,not in the record this pass,$237.8M,https://www.sec.gov/Archives/edgar/data/917273/000119312526057101/rmbs-20251231.htm,2026-09-02,,
memory,CXL / PCIe connectivity,"Astera Labs, Inc.",ALAB,NASDAQ-GS,yes,$47.61B,"Sep 2, 2026 8:54 AM ET",https://api.nasdaq.com/api/quote/ALAB/info?assetclass=stocks,connectivity platform is the business (not a minority stub),no,"PCIe/CXL retimers, Leo CXL, fabric switches (10-K). Priced as AI fabric.",https://www.sec.gov/Archives/edgar/data/1736297/000173629726000010/alab-20251231.htm,FY24-25 XBRL $80m/$116m (confirm vs 10-K; tags may be incomplete),FY2024 73.5%; FY2025 68.9%,not in the record this pass,cash $111.5M at 2026-06-30 (XBRL; debt not netted unless noted),yes,2017,yes,,2026-11-03 earnings (Yahoo),CXL.mem attach,fabric switch ramps,"CXL silicon; mapped because the layer is thin, not because unappreciated.",39.40 (Yahoo),165.9 (Yahoo),23 (Yahoo),AI connectivity is the entire narrative,"8,753,228 shares, 1.848898 days, settlement 08/14/2026",4,EV/S 39x; AI-fabric narrative,yes,chain records 403; LEAP expiries not fully enumerated except MU through 2028-12-15,not in the record,not in the record,$1.21B,https://www.sec.gov/Archives/edgar/data/1736297/000173629726000010/alab-20251231.htm,2026-09-02,,
memory,High-bandwidth flash,Sandisk Corporation,SNDK,NASDAQ-GS,yes,$223.73B,"Sep 2, 2026 8:55 AM ET",https://api.nasdaq.com/api/quote/SNDK/info?assetclass=stocks,HBF not a P&L line; NAND is the business,yes (HBF),HBF samples targeted H2 2026 (company). Current revenue is flash. Nasdaq listing verified.,https://www.sec.gov/Archives/edgar/data/2023554/000162828026057406/sndk-20260703.htm,HBF pre-revenue,FY2025 7.1%,not extracted this pass,cash $4.76B at 2026-07-03 (XBRL; debt not netted unless noted),no,1988 heritage; 2025 SNDK listing,yes (NAND),,HBF samples H2 2026,next earnings,Kioxia JV Japan capex,HBF inventor of record; priced as NAND cycle + AI storage.,10.89 (Yahoo),17.47 (Yahoo),23 (Yahoo),AI-storage not HBM,"7,676,558 shares, 1.0 days, settlement 08/14/2026",4,NAND+AI-storage headline; HBF unearned,yes,chain records 1251; LEAP expiries not fully enumerated except MU through 2028-12-15,not in the record,not in the record this pass,$22.33B,https://www.sec.gov/Archives/edgar/data/2023554/000162828026057406/sndk-20260703.htm,2026-09-02,,
memory,Consumer unified-memory silicon,Apple Inc.,AAPL,NASDAQ-GS,yes,$4.766T,"Sep 2, 2026 8:55 AM ET",https://api.nasdaq.com/api/quote/AAPL/info?assetclass=stocks,no silicon revenue line,yes,"M-series unified memory is a product attribute, not a segment.",https://www.sec.gov/Archives/edgar/data/320193/000032019325000079/aapl-20250927.htm,n/a,FY2023 41.8%; FY2024 43.3%; FY2025 44.1%,n/a,cash $39.54B at 2026-06-27 (XBRL; debt not netted unless noted),no,1976,no,,next earnings,next M-series memory capacity,on-device inference features,Consumer unified-memory SoC; cannot buy the stub.,10.21 (Yahoo),28.38 (Yahoo),39 (Yahoo),not an HBM stock,"116,327,753 shares, 2.525274 days, settlement 08/14/2026",1 (as this shift),Phone/services multiple,yes,chain records 497; LEAP expiries not fully enumerated except MU through 2028-12-15,not in the record,no material converts in notes used,$17.81B,https://www.sec.gov/Archives/edgar/data/320193/000032019325000079/aapl-20250927.htm,2026-09-02,,
memory,HBM attach / unified memory,"Advanced Micro Devices, Inc.",AMD,NASDAQ-GS,yes,$743.76B,"Sep 2, 2026 8:55 AM ET",https://api.nasdaq.com/api/quote/AMD/info?assetclass=stocks,Instinct HBM attach + client APUs; not a memory line,yes,"HBM customer and unified-memory APU vendor, not a memory vendor.",https://www.sec.gov/Archives/edgar/data/2488/000000248826000018/amd-20251227.htm,n/a as memory,FY2023 48.2%; FY2024 44.9%; FY2025 46.1%,not extracted this pass,cash $5.09B at 2026-06-27 (XBRL; debt not netted unless noted),no,1969,partially,,next earnings,MI300/MI4xx,client APU unified memory,"End-silicon, not memory IDM.",17.95 (Yahoo),77.54 (Yahoo),49 (Yahoo),AI GPU narrative,"40,065,798 shares, 1.488826 days, settlement 08/14/2026",4,AI GPU multiple,yes,chain records 1087; LEAP expiries not fully enumerated except MU through 2028-12-15,not in the record,not in the record this pass,$11.56B,https://www.sec.gov/Archives/edgar/data/2488/000000248826000018/amd-20251227.htm,2026-09-02,,
memory,Consumer unified-memory silicon,QUALCOMM Incorporated,QCOM,NASDAQ-GS,yes,$174.18B,"Sep 2, 2026 8:53 AM ET",https://api.nasdaq.com/api/quote/QCOM/info?assetclass=stocks,Snapdragon X / AI200-AI250 — % not in the record as a line,yes,On-deck if AI200/AI250 prints a 10-Q line.,https://www.sec.gov/cgi-bin/browse-edgar?action=getcompany&CIK=0000804328,not in the record for this shift,,not extracted,cash $4.53B at 2026-06-28 (XBRL; debt not netted unless noted),no,1985,partially,,next earnings,AI200/AI250 10-Q appearance,Snapdragon X attach,Unified-memory PC SoC; alternative memory architecture on inference silicon.,4.13 (Yahoo),15.16 (Yahoo),30 (Yahoo),handset/auto still the 10-K,,2 (as this shift),EV/S 4x; shift not the narrative,,,not in the record,not in the record this pass,$2.26B,https://s204.q4cdn.com/645488518/files/doc_financials/2025/q4/QCOM-09-28-25-FY2025-10-K-Final.pdf,2026-09-02,,
memory,Probe cards,"FormFactor, Inc.",FORM,NASDAQ-GS,yes,$95.00 last sale 2026-09-02 8:47 ET; Yahoo mkt cap $7.45B in working notes,2026-09-02,https://api.nasdaq.com/api/quote/FORM/info?assetclass=stocks,"DRAM probes $247.4m = 31.6% of FY2025 $785.0m (10-K). HBM inside DRAM, not separated.",no (DRAM container); HBM-only % not in the record,Does not make HBM. SK hynix 22.9% of FY2025 (10-K Note 2).,https://www.sec.gov/Archives/edgar/data/1039399/000103939926000009/form-20251227.htm,"DRAM probe Q4'25 $73.3M, Q1'26 $82.9M (company slides)",FY2025 GAAP GM 39.3%,SK hynix 22.9% FY2025 (18.9% FY2024),,no,1993,yes,,2026-10-28 earnings (Yahoo),FY2026 DRAM probe $,HBM test intensity vs yield,Shortlist. Consumable labeled T&M; EV/S 7.9x vs Hanmi 37x.,7.91 (Yahoo),38.22 (Yahoo),8 (Yahoo),DRAM/HBM probes in supplemental,Yahoo 4.93% float,2,DRAM probes 31.6%; SK hynix 22.9%; EV/S 7.9x vs Hanmi 37x,yes (equity listed),not in the record this pass,not in the record,not in the record,,https://www.sec.gov/Archives/edgar/data/1039399/000103939926000009/form-20251227.htm,2026-09-02,,
optics,Switch / accelerator,NVIDIA Corporation,NVDA,NASDAQ-GS,yes,$5.248T,"Sep 2, 2026 8:56 AM ET",https://api.nasdaq.com/api/quote/NVDA/info?assetclass=stocks,CPO not in the record as % of $89B data-center (Q2 FY27). Estimate: rounding error vs GPU systems even if Spectrum-X Photonics in production.,yes (CPO %),Company blog: Spectrum-X Photonics in full production. CPO is a networking SKU inside Data Center.,https://blogs.nvidia.com/blog/nvidia-gtc-taipei-computex-2026-news/,Data Center $89B in Q2 FY27 (company PR; confirm vs 10-Q),FY2023 62.3%; FY2024 64.9%; FY2025 56.9%,not extracted from FY26 10-K this pass,cash $22.44B at 2026-07-26 (XBRL; debt not netted unless noted),yes (Jensen Huang),1993,no (PC GPU -> AI systems),,2026-11-17 earnings (Yahoo),2H 2026 Spectrum-X capacity,Rubin Ultra CPO,Designs the CPO switch; $4B into LITE/COHR; does not report CPO as a number.,17.52 (Yahoo),22.69 (Yahoo),1y target $315.00 (count not always on Nasdaq summary),CPO-explicit in 2026 production blog,"285,956,804 shares, 2.517647 days, settlement 08/14/2026",5,$5.25T; CPO in production blog; optics not the valuation driver,yes,chain records 512; LEAP expiries not fully enumerated except MU through 2028-12-15,not in the record,not in the record,$28.55B,https://www.sec.gov/Archives/edgar/data/1633978/000119312526085412/d41019d8k.htm,2026-09-02,,
optics,Switch / accelerator,Broadcom Inc.,AVGO,NASDAQ-GS,yes,$1.753T,"Sep 2, 2026 8:56 AM ET",https://api.nasdaq.com/api/quote/AVGO/info?assetclass=stocks,CPO/lasers/DSPs not broken out of Semiconductor Solutions,yes,10-Q (q/e 1 Feb 2026) has semis vs software only. TrendForce: Bailly 51.2T CPO limited shipments — not a Broadcom 10-Q line.,https://investors.broadcom.com/static-files/01bb84ad-dd06-4dd2-8681-248cc83ca8be,CPO growth rate not in the record,FY2023 61.4%; FY2024 66.5%; FY2025 68.9%,one distributor 42% of net revenue q/e 1 Feb 2026; top-five end customers ~50%,cash $19.63B at 2026-05-03 (XBRL; debt not netted unless noted),no,1961 (Yahoo profile / Avago lineage),no (VMware),,FY Q3 2026 earnings 2026-09-02 (Yahoo),CPO unit disclosure (none dated),FY2027 AI-semiconductor guide,Ethernet switch ASIC + unreported laser/EML inside networking.,23.95 (Yahoo),42.65 (Yahoo),1y target $525.00 (count not always on Nasdaq summary),four-call CPO count not in the record,"56,209,128 shares, 3.211503 days, settlement 08/14/2026",5,$1.75T; EV/S ~24x; CPO in AI-networking narrative,yes,chain records 566; LEAP expiries not fully enumerated except MU through 2028-12-15,not in the record,not in the record,$7.76B,https://investors.broadcom.com/static-files/01bb84ad-dd06-4dd2-8681-248cc83ca8be,2026-09-02,,
optics,Photonic fabric (acquired),"Marvell Technology, Inc.",MRVL,NASDAQ-GS,yes,$180.75B,"Sep 2, 2026 8:56 AM ET",https://api.nasdaq.com/api/quote/MRVL/info?assetclass=stocks,"Celestial AI CPO revenue guided, not current. Company: initial contributions 2H FY2028; $500m annualized run-rate Q4 FY2028; $1B Q4 FY2029.",no (guide); current CPO % ~0 of reported revenue,Closed 2 Feb 2026 for $3.5B (10-Q / EX-99.1).,https://www.sec.gov/Archives/edgar/data/1835632/000119312526032861/d45933dex991.htm,Celestial not yet in revenue,FY2023 50.1%; FY2024 46.3%; FY2025 50.5%,not extracted this pass; NVIDIA $2.0B Series A convertible preferred (10-Q),cash $3.93B at 2026-08-01 (XBRL; debt not netted unless noted),no,1995,no,,~2026-12-01 Q3 FY27 earnings (Yahoo est.),2H FY2028 first Celestial revenue,Q4 FY2028 $500m run-rate checkpoint,"Bought scale-up photonic fabric; CPO is guided, not earned.","20.27 (Yahoo, at table high)",40.34 (Yahoo),1y target $292.50 (count not always on Nasdaq summary),Celestial close PR is CPO-heavy,,4,EV/S 20x vs ~9x a year ago; CPO dollars still FY28,,,not in the record,NVIDIA $2.0B Series A convertible preferred,$5.45B,https://www.sec.gov/Archives/edgar/data/1835632/000119312526032861/d45933dex991.htm,2026-09-02,,
optics,Photonics foundry,Taiwan Semiconductor Manufacturing Company Ltd.,TSM,NYSE,yes,$2.134T,"Sep 2, 2026 8:56 AM ET",https://api.nasdaq.com/api/quote/TSM/info?assetclass=stocks,"COUPE not a reported segment. Advanced tech >=7nm was 74% of 2025 wafer revenue (logic wafers, not COUPE).",yes (COUPE %),"NVIDIA named TSMC as Spectrum-X SiPh fabricator. C.C. Wei Q2'26: COUPE production started, will ramp.",https://investor.tsmc.com/static/annualReports/2025/english/index.html,COUPE growth rate not in the record,,not extracted this pass,,no,1987,yes (foundry model),,2026-10-15 Q3 earnings (Yahoo),COUPE volume (no dated unit guide),US packaging facilities (AR 2025),COUPE is TSMC's CPO process; rounding error inside foundry+CoWoS.,13.47 (Yahoo),17.76 (Yahoo),1y target $500.00 (count not always on Nasdaq summary),COUPE named on Q2 2026 call,,5 for foundry; 2 for COUPE-inside-TSMC,COUPE unreported; multiple is HPC/AI wafers + CoWoS,,,not in the record,n/a ADR,$4.31B,https://investor.tsmc.com/static/annualReports/2025/english/index.html,2026-09-02,,
optics,Lasers / transceivers / CPO families,Coherent Corp.,COHR,NYSE,yes,$52.48B,"Sep 2, 2026 8:56 AM ET",https://api.nasdaq.com/api/quote/COHR/info?assetclass=stocks,"Datacenter & Communications 74.1% of FY2026 ($5.275B of $7.118B). CPO listed inside D&C, not separated. Estimate: CPO still a minority of that bucket.",CPO-within-D&C is estimate; 74.1% is filing,FY2026 10-K product list includes co-packaged optics inside D&C.,https://www.sec.gov/Archives/edgar/data/820318/000082031826000020/iivi-20260630.htm,D&C +40.5% YoY FY2026,,one customer 20%/10%/10% FY26/25/24; second 12% FY26; primarily D&C,cash $1.16B at 2026-06-30 (XBRL; debt not netted unless noted),no,1971 (II-VI),no,,2026-11-04 Q1 FY27 earnings (Yahoo),Q1 FY27 guide $2.2-2.4B (confirm vs PDF),NVIDIA CPO product-family shipments (no unit date in 8-K),Lasers + transceivers + named CPO families; NVIDIA $2B common 2026-03-02.,"7.86 (Yahoo, at own-table high)",35.87 (Yahoo),1y target $420.00 (count not always on Nasdaq summary),10-K defines CPO; CEO copper-to-optical language,,4,D&C 74%; NVIDIA $2B; CPO unseparated; multiple below LITE,yes,chain records 393; LEAP expiries not fully enumerated except MU through 2028-12-15,not in the record,not flagged in 10-K debt snippet (term facilities),$44.8M,https://www.sec.gov/Archives/edgar/data/820318/000082031826000020/iivi-20260630.htm,2026-09-02,,
optics,Lasers / ELS / transceivers,Lumentum Holdings Inc.,LITE,NASDAQ-GS,yes,$76.97B,"Sep 2, 2026 8:56 AM ET",https://api.nasdaq.com/api/quote/LITE/info?assetclass=stocks,"CPO % of FY2026 not disclosed; qualitatively pre-revenue/sampling. Components 66.5%, Systems 33.5% of $3.014B. First ELS module PO for 2H 2027 delivery (Q4 call).",yes (CPO %),"10-K products include advanced packaging enabling CPO. FY26 growth is chips + Cloud Light modules + OCS, not CPO volume.",https://www.sec.gov/Archives/edgar/data/1633978/000162828026057358/lite-20260627.htm,FY26 revenue +83.2% vs FY25,FY2024 46.0%; FY2025 32.2%,"Customer A 26.6%, B 15.0% of FY26 (41.6%)",cash $2.04B at 2026-06-27 (XBRL; debt not netted unless noted),no,2015 (JDSU spin),partially (mix shifted via Cloud Light),,~2026-11-05 Q1 FY27 earnings (Yahoo est.),2H 2027 ELS module delivery,2028 customer CPO scale-up,"NVIDIA laser/ELS partner; CPO is 2027-28, not FY26. Priced-in, not shortlisted.","26.87 (Yahoo, at table high vs 4.27 a year earlier)",114.87 (Yahoo),"1y target $1,141.00 (count not always on Nasdaq summary)",LITE Q4 FY26 transcript: 19 hits on CPO|co-packaged|SiPh (Roic AI file),"7,270,171 shares, 1.299235 days, settlement 08/14/2026",5,EV/S 27x; $2B NVIDIA preferred; CPO on every recent call,yes,chain records 785; LEAP expiries not fully enumerated except MU through 2028-12-15,not in the record,"0.50% 2026, 0.50% 2028, 1.50% 2029, 0.375% 2032 notes + NVIDIA Series A preferred",$3.99B,https://www.sec.gov/Archives/edgar/data/1633978/000119312526085412/d41019d8k.htm,2026-09-02,,
optics,Optical EMS / packaging,Fabrinet,FN,NYSE,yes,$14.33B,"Sep 2, 2026 8:54 AM ET",https://api.nasdaq.com/api/quote/FN/info?assetclass=stocks,"Data Center 47.9% of FY2026 $4.64B — pluggable EMS, not a CPO line",no (Data Center %); yes (as CPO),"Optical packaging is where CPO engines get assembled; NVIDIA named CPO chain is TSMC/SPIL/TFC/Foxconn, not FN. NVIDIA mix 27.6% -> 16.3% YoY FY26.",https://www.sec.gov/Archives/edgar/data/1408710/000140871026000028/fn-20260626.htm,FY26 total $2.645B XBRL vs prior; Data Center mix in 10-K,FY2023 11.8%; FY2024 12.3%; FY2025 12.7%,NVIDIA 16.3%; Cisco 19.9%; four customers 57%; Amazon 10.5%,cash $346.7M at 2026-06-26 (XBRL; debt not netted unless noted),no,2000,yes (optical EMS),,FY27 Q2 10-Q ~Feb 2027 Data Center %,next earnings,whether CPO engines ever flow to FN,Shortlist. EV/S ~3.2x vs LITE 27x; CPO not marketed; net cash.,3.15 (Yahoo),not extracted,1y target $739.00 (count not always on Nasdaq summary),10-K does not market CPO,,2 (as CPO); 4 (as AI pluggable EMS),Data Center 48%; NVIDIA mix already falling; EMS multiple,yes,chain records 63; LEAP expiries not fully enumerated except MU through 2028-12-15,not in the record,not in the record this pass,$113.3M,https://www.sec.gov/Archives/edgar/data/1408710/000140871026000028/fn-20260626.htm,2026-09-02,,
optics,Fiber / photonics MAP,Corning Incorporated,GLW,NYSE,yes,$123.78B,"Sep 2, 2026 8:56 AM ET",https://api.nasdaq.com/api/quote/GLW/info?assetclass=stocks,"Optical Communications is a disclosed segment (growth engine). Photonics MAP / inside-the-box CPO-NPO $10B by 2030 is a company target, not FY26 revenue.",CPO-within-optical is estimate,Q2 2026 Optical Communications +32% y/y (call). CPO slice unearned.,https://www.sec.gov/Archives/edgar/data/24741/000002474126000124/glw-20251231.htm,Optical Communications +32% Q2 2026 (company call),FY2023 36.0%; FY2024 31.8%; FY2025 31.2%,not extracted this pass,cash $1.75B at 2026-03-31 (XBRL; debt not netted unless noted),no,1851,partially (display glass + optical + other),,Q3 2026 ~27 Oct Optical Comms growth,FY2026 10-K Photonics revenue line?,year-end Springboard $20B annualized sales run-rate,Shortlist as CPO slice only. Optical Comms already in the price; MAP is a slide.,7.96 (Yahoo),not extracted,1y target $189.00 (count not always on Nasdaq summary),CPO/NPO/Photonics MAP central on Q2'26 call (qualitative),,4 as AI fiber; 2 as CPO engines,EV/S 8x; 1y +119% (Yahoo); MAP unearned,yes,chain records 269; LEAP expiries not fully enumerated except MU through 2028-12-15,not in the record,not in the record this pass,$787.0M,https://www.sec.gov/Archives/edgar/data/24741/000002474126000124/glw-20251231.htm,2026-09-02,,
optics,Coherent / DCI (wrong layer unless CPO engines appear),Ciena Corporation,CIEN,NYSE,yes,$50.75B,"Sep 2, 2026 8:56 AM ET",https://api.nasdaq.com/api/quote/CIEN/info?assetclass=stocks,"estimate ~0 of reported revenue is CPO engines. WaveLogic 6 is 1.6T coherent wavelengths, not CPO.",yes,Business is WaveLogic coherent / packet-optical / DCI.,https://www.sec.gov/Archives/edgar/data/936395/000162828025056698/cien-20251101.htm,FY25 rev $4.387B vs FY24 $3.633B (XBRL),FY2023 47.6%; FY2024 43.0%; FY2025 42.8%,not extracted this pass,cash $1.05B at 2026-05-02 (XBRL; debt not netted unless noted),no,1992,yes (optical networking),,next earnings,WaveLogic 6 1.6T deployments,whether a filing ever shows CPO engines,Often confused with CPO; it is scale-across/DCI unless a filing shows CPO engines (none fetched).,9.80 (Yahoo),not extracted,1y target $575.00 (count not always on Nasdaq summary),1.6T coherent ≠ CPO,,1 as CPO; 4 as AI DCI,wrong layer for co-packaged switch optics,,,not in the record,not in the record this pass,$805.2M,https://www.sec.gov/Archives/edgar/data/936395/000162828025056698/cien-20251101.htm,2026-09-02,,
optics,Datacom modules (speculative US),"Applied Optoelectronics, Inc.",AAOI,NASDAQ-GM,yes,$8.69B,"Sep 2, 2026 8:56 AM ET",https://api.nasdaq.com/api/quote/AAOI/info?assetclass=stocks,datacom transceivers; CPO % not in the record,yes (CPO),10-K FY2025. CATV mix vs datacenter 800G/1.6T is the debate.,https://www.sec.gov/Archives/edgar/data/1158114/000143774926005875/aaoi20251231_10k.htm,FY23-25 rev $212/$223/$218m (XBRL),FY2023 17.8%; FY2024 15.1%; FY2025 27.1%,not extracted this pass,cash $499.7M at 2026-06-30 (XBRL; debt not netted unless noted),not verified this pass,1997,yes (optical modules),,next earnings,800G/1.6T qualification,ATM / dilution (working notes),US-listed module name; not a CPO pure-play.,15.01 (Yahoo),not extracted,1y target $168.00 (count not always on Nasdaq summary),module cycle,"10,421,985 shares, 1.0 days, settlement 08/14/2026",3 as 800G/1.6T; 1 as CPO,losses; high EV/S on small sales,yes,chain records 380; LEAP expiries not fully enumerated except MU through 2028-12-15,not in the record,not in the record this pass,$1.07B,https://www.sec.gov/Archives/edgar/data/1158114/000143774926005875/aaoi20251231_10k.htm,2026-09-02,,
optics,Copper counter-bet (AECs),Credo Technology Group Holding Ltd,CRDO,NASDAQ-GS,yes,$35.37B,"Sep 2, 2026 8:57 AM ET",https://api.nasdaq.com/api/quote/CRDO/info?assetclass=stocks,AEC/retimers are the cash engine; DustPhotonics is the optical option. CPO % not in the record.,yes (optical mix),Copper counter-bet in the brief. Not a CPO name.,https://www.sec.gov/Archives/edgar/data/1807794/000162828026043303/crdo-20260502.htm,FY23-25 rev $59/$106/$184m (XBRL),FY2023 65.2%; FY2024 60.1%; FY2025 57.7%,not extracted this pass,cash $1.16B at 2026-05-02 (XBRL; debt not netted unless noted),not verified this pass,2008,yes (high-speed connectivity),,next earnings,AEC vs optical mix,DustPhotonics 8-K text not fetched,Listed AEC leader; copper counter-bet; already the AEC narrative.,30.78 (Yahoo),not extracted,1y target $293.50 (count not always on Nasdaq summary),AEC priced-in,"6,126,151 shares, 1.433317 days, settlement 08/14/2026",5 as AEC; 2 as CPO,EV/S 31x; AEC is the story,yes,chain records 299; LEAP expiries not fully enumerated except MU through 2028-12-15,not in the record,not in the record this pass,$1.19B,https://www.sec.gov/Archives/edgar/data/1807794/000162828026043303/crdo-20260502.htm,2026-09-02,,
optics,Optical materials (speculative),"Lightwave Logic, Inc.",LWLG,NASDAQ-CM,yes,$789.3M,"Sep 2, 2026 8:47 AM ET",https://api.nasdaq.com/api/quote/LWLG/info?assetclass=stocks,pre-revenue polymer; CPO not a P&L,yes,"Story stock, not an unappreciated business.",https://www.sec.gov/cgi-bin/browse-edgar?action=getcompany&CIK=0001325964,revenue ~0 (XBRL),FY2024 93.8%,n/a,cash $47.2M at 2026-06-30 (XBRL; debt not netted unless noted),not verified,1997,yes (materials R&D),,next 10-Q,customer qualification,financing,Starter speculative; not shortlisted.,N/M,N/M,1y target N/A (count not always on Nasdaq summary),story stock,,5 as a story; 1 as a business,pre-revenue; $789M cap,,,not in the record,not in the record this pass,$18.5M,https://www.sec.gov/cgi-bin/browse-edgar?action=getcompany&CIK=0001325964,2026-09-02,,
optics,Optical engines (speculative),POET Technologies Inc. Common Shares,POET,NASDAQ-CM,yes,$1.22B,"Sep 2, 2026 8:54 AM ET",https://api.nasdaq.com/api/quote/POET/info?assetclass=stocks,pre-scale optical engines; CPO % not in the record,yes,Story stock.,https://www.sec.gov/cgi-bin/browse-edgar?action=getcompany&CIK=0001437424,not in the record as commercial scale,,n/a,,not verified,1985 (POET lineage),partially,,next 10-Q,foundry/customer wins,financing,Starter speculative; not shortlisted.,N/M (Yahoo ~293x in working notes),N/M,1y target $18.88 (count not always on Nasdaq summary),story stock,,5 as a story,small cap; unearned CPO,,,not in the record,not in the record this pass,$88.7M,https://www.sec.gov/cgi-bin/browse-edgar?action=getcompany&CIK=0001437424,2026-09-02,,
egs,EGS developer,Fervo Energy Company,FRVO,NASDAQ-GS,yes,$5.59B,"Sep 2, 2026 8:57 AM ET",https://api.nasdaq.com/api/quote/FRVO/info?assetclass=stocks,100% EGS developer; pre-commercial,no,S-1 and Q2 2026 10-Q/Ex.99.1. TTM revenue ~$312k (stockanalysis) consistent with pre-commercial.,https://www.sec.gov/Archives/edgar/data/1853868/000162828026025821/fervoenergy-sx1.htm,n/a (pre-revenue power),"n/a (pre-commercial). Q2 2026 operating loss $28.7m, net loss $55.9m",PPAs; Google 396 MW 8-K 2026-08-26; SCE and others in S-1. $ prices not in 8-K.,"cash $2.106B at 2026-06-30 (XBRL, IPO proceeds). H2 2026 capex guide $850-900m",yes (Latimer/Norbeck Class B ~54% vote),2017,yes (EGS),,GeoBlock 1 test power Q4 2026 (company Q2),PPA LD date Phase I Unit 1 2026-10-01 (S-1),Google 396 MW COD beginning Q3 2028,"Listed EGS flagship. Thesis said it would not stay cheap. Mapped, not shortlisted as unappreciated.",N/M on $312k TTM,N/M,1y target $45.00 (count not always on Nasdaq summary),EGS is the entire narrative,"9,570,437 shares, 3.228508 days, settlement 08/14/2026",4 as EGS flagship; 2 as still-cheap-after-IPO,$5.59B cap; 52w $42.65/$14.60; first power is the near-term story,yes,chain records 18; LEAP expiries not fully enumerated except MU through 2028-12-15,not in the record,none disclosed in Q2 release,$76.7M,https://www.sec.gov/Archives/edgar/data/1853868/000162828026055942/exhibit991earningsrelease8.htm,2026-09-02,,
egs,Land drilling,"Helmerich & Payne, Inc.",HP,NYSE,yes,$4.62B,"Sep 2, 2026 8:46 AM ET",https://api.nasdaq.com/api/quote/HP/info?assetclass=stocks,geothermal revenue not in the record as a line. Estimate: rounding error of drilling revenue.,yes,FY2025 10-K segments NAS/International/Offshore. Geothermal appears as equity investments ($4.1m FY2023; $27.1m liquidation FY2025). Fervo Q2: third HP rig on Cape Phase II.,https://www.sec.gov/Archives/edgar/data/46765/000004676525000071/hp-20250930.htm,n/a as geothermal,,largest NA Solutions customer 18.2% of that segment FY2025; International largest 32.3% of that segment (Saudi NOC),cash $204.4M at 2026-06-30 (XBRL; debt not netted unless noted),no,1920,yes (land drilling for O&G),,Cape Station Q4 2026 test power (as HP customer activity),Baker Hughes geothermal rig deployment 'later this year' (company PR),FY2026 10-K geothermal sentence,Shortlist. Rigs labeled oil; Fervo named customer; geothermal $ undisclosed.,not extracted,not extracted,1y target $44.00 (count not always on Nasdaq summary),"geothermal is a PR/investment footnote, not the call",,1 as EGS,Yahoo industry oil drilling; no geothermal %; 18 option records,yes,chain records 18; LEAP expiries not fully enumerated except MU through 2028-12-15,not in the record,not in the record this pass,$92.0M,https://www.sec.gov/Archives/edgar/data/46765/000004676525000071/hp-20250930.htm,2026-09-02,,
egs,OFS / New Energy,SLB Limited Common Shares,SLB,NYSE,yes,$84.48B,"Sep 2, 2026 8:57 AM ET",https://api.nasdaq.com/api/quote/SLB/info?assetclass=stocks,geothermal named under New Energy; $ not disclosed,yes,"FY2025 revenue $35.7B. Data Center Solutions +121% is the disclosed adjacency, not geothermal. Ormat EGS pilot PR 2026-01-21.",https://www.sec.gov/Archives/edgar/data/87347/000119312526021017/slb-20251231.htm,geothermal $ growth not in the record,,not extracted this pass,cash $3.17B at 2015-09-30 (XBRL; debt not netted unless noted),no,1926,yes (OFS) with New Energy add-on,,FY2026 10-K ~Jan 2027 New Energy language,Ormat Nevada EGS pilot updates,next earnings,Shortlist. EGS residual inside OFS + ChampionX + data-center modules.,not extracted,not extracted,1y target $63.00 (count not always on Nasdaq summary),geothermal paragraph; Data Center Solutions is the quantified 'new',,2 as EGS; 5 as OFS,unquantified New Energy; $84.5B OFS multiple,yes,chain records 149; LEAP expiries not fully enumerated except MU through 2028-12-15,not in the record,not in the record this pass,$752.3M,https://www.sec.gov/Archives/edgar/data/87347/000119312526021017/slb-20251231.htm,2026-09-02,,
egs,Hydrothermal IPP + EGS option,"Ormat Technologies, Inc.",ORA,NYSE,yes,$6.64B,"Sep 2, 2026 8:55 AM ET",https://api.nasdaq.com/api/quote/ORA/info?assetclass=stocks,conventional geothermal is the electricity segment; EGS revenue not in the record. Energy Storage $79.0m = 8.0% of $989m FY2025 (derived).,EGS % estimate (zero disclosed),2025 AR: Sage Geosystems Series B co-lead; SLB EGS partnership; Nevada pilot site.,https://www.sec.gov/Archives/edgar/data/1296445/000129644526000006/ora-20251231.htm,total rev +12.5% FY2025; storage +109%,FY2023 39.9%; FY2024 36.6%; FY2025 31.8%,not extracted this pass,cash $513.7M at 2026-06-30 (XBRL; debt not netted unless noted),no,1965 (Ormat lineage),yes (geothermal) with storage add-on,,Nevada EGS pilot updates,next earnings,Sage Geosystems progress (private),Shortlist. Priced as old hydrothermal; EGS is an option.,not extracted,not extracted,1y target $129.00 (count not always on Nasdaq summary),EGS in 2025 letter; not a segment,,3 as geothermal; 2 as EGS,hydrothermal cash flow; EGS unearned,yes,chain records 32; LEAP expiries not fully enumerated except MU through 2028-12-15,not in the record,not in the record this pass,$42.5M,https://www.sec.gov/Archives/edgar/data/1296445/000129644526000006/ora-20251231.htm,2026-09-02,,
egs,OFS / Fervo investor (historical),Liberty Energy Inc.,LBRT,NYSE,yes,$3.23B,"Sep 2, 2026 8:50 AM ET",https://api.nasdaq.com/api/quote/LBRT/info?assetclass=stocks,geothermal % of revenue not in the record,yes,"Verified $10m Fervo investment, company PR 2022-07-25. S-1 names Liberty as OFS partner. Not a post-IPO 13D filer.",https://investors.libertyenergy.com/news-and-events/press-releases/2022/07-25-2022-222715916,n/a as geothermal,,O&G E&P (not extracted % this pass),cash $555.4M at 2026-06-30 (XBRL; debt not netted unless noted),yes (Chris Wright founded; now professional CEO after political appointment — confirm current 10-K CEO),2011,yes (frac/completions),,next 10-K geothermal sentence,Cape Station activity as OFS vendor,next earnings,"Starter claimed Fervo investor — verified historically, not as current 13D.",not extracted,not extracted,1y target $28.50 (count not always on Nasdaq summary),"Fervo is a 2022 PR, not the 2026 call",,1 as EGS,frac stock; $10m 2022 stake vs $3.2B cap,yes,chain records 41; LEAP expiries not fully enumerated except MU through 2028-12-15,not in the record,not in the record this pass,$16.4M,https://investors.libertyenergy.com/news-and-events/press-releases/2022/07-25-2022-222715916,2026-09-02,,
egs,Land drilling,"Patterson-UTI Energy, Inc.",PTEN,NASDAQ-GS,yes,$4.85B,"Sep 2, 2026 8:52 AM ET",https://api.nasdaq.com/api/quote/PTEN/info?assetclass=stocks,geothermal revenue not in the record,yes,Mapped as land-rig capacity only.,https://www.sec.gov/Archives/edgar/data/889900/000088990026000013/pten-20251231.htm,n/a as geothermal,,not extracted this pass,cash $201.0M at 2026-06-30 (XBRL; debt not netted unless noted),no,1978,yes,,next 10-K,any named EGS contract,next earnings,Land-rig capacity; no geothermal line.,not extracted,not extracted,1y target $14.00 (count not always on Nasdaq summary),not in the record as EGS,"29,162,834 shares, 3.93247 days, settlement 08/14/2026",1 as EGS,oil drilling multiple,yes,chain records 21; LEAP expiries not fully enumerated except MU through 2028-12-15,not in the record,not in the record this pass,$112.8M,https://www.sec.gov/Archives/edgar/data/889900/000088990026000013/pten-20251231.htm,2026-09-02,,
egs,Land drilling,Nabors Industries Ltd.,NBR,NYSE,yes,$1.56B,"Sep 2, 2026",https://api.nasdaq.com/api/quote/NBR/info?assetclass=stocks,geothermal revenue not in the record,yes,Mapped as land-rig capacity only.,https://www.sec.gov/cgi-bin/browse-edgar?action=getcompany&CIK=0001163739,n/a as geothermal,,not extracted this pass,cash $509.8M at 2026-06-30 (XBRL; debt not netted unless noted),no,1952,yes,,next 10-K,any named EGS contract,next earnings,Land-rig capacity; no geothermal line.,not extracted,not extracted,1y target $110.00 (count not always on Nasdaq summary),not in the record as EGS,,1 as EGS,oil drilling multiple,,,not in the record,not in the record this pass,$68.8M,https://www.sec.gov/Archives/edgar/data/1163739/000110465926014997/nbr-20251231x10k.htm,2026-09-02,,
egs,Land drilling,Precision Drilling Corporation,PDS,NYSE,yes,$1.17B,"Sep 2, 2026 4:59 AM ET",https://api.nasdaq.com/api/quote/PDS/info?assetclass=stocks,geothermal revenue not in the record,yes,Mapped as land-rig capacity only.,https://www.sec.gov/cgi-bin/browse-edgar?action=getcompany&CIK=0001013605,n/a as geothermal,,not extracted this pass,,no,1951,yes,,next 40-F/20-F,any named EGS contract,next earnings,Land-rig capacity; no geothermal line.,not extracted,not extracted,1y target $113.58 (count not always on Nasdaq summary),not in the record as EGS,,1 as EGS,oil drilling multiple,,,not in the record,not in the record this pass,$51.6M,https://www.sec.gov/Archives/edgar/data/1013605/000101360526000014/pds-ex99_3.htm,2026-09-02,,
egs,OFS,Baker Hughes Company Class A,BKR,NASDAQ-GS,yes,$62.79B,"Sep 2, 2026 8:55 AM ET",https://api.nasdaq.com/api/quote/BKR/info?assetclass=stocks,geothermal $ not in the record. HP collaboration PR for US geothermal rig.,yes,New energy / geothermal named in strategy language; not a segment.,https://www.sec.gov/Archives/edgar/data/1701605/000170160526000007/bkr-20251231.htm,n/a as geothermal,,not extracted this pass,cash $5.63B at 2018-03-31 (XBRL; debt not netted unless noted),no,2017 (Baker Hughes Co listing; heritage older),yes (OFS/energy tech),,geothermal rig deployment with HP,next 10-K New Energy language,next earnings,OFS + named geothermal collaboration with HP.,not extracted,not extracted,1y target $74.00 (count not always on Nasdaq summary),geothermal is a collaboration PR,"23,810,150 shares, 3.721505 days, settlement 08/14/2026",1 as EGS,OFS multiple,yes,chain records 24; LEAP expiries not fully enumerated except MU through 2028-12-15,not in the record,not in the record this pass,$527.2M,https://www.sec.gov/Archives/edgar/data/1701605/000170160526000007/bkr-20251231.htm,2026-09-02,,
egs,OFS,Halliburton Company,HAL,NYSE,yes,$30.42B,"Sep 2, 2026 8:55 AM ET",https://api.nasdaq.com/api/quote/HAL/info?assetclass=stocks,geothermal $ not in the record,yes,Mapped as OFS capacity; no EGS line fetched.,https://www.sec.gov/Archives/edgar/data/45012/000004501226000015/hal-20251231.htm,n/a as geothermal,,not extracted this pass,cash $2.05B at 2026-06-30 (XBRL; debt not netted unless noted),no,1919,yes,,next 10-K,any named EGS contract,next earnings,OFS capacity; EGS $ not in the record.,not extracted,not extracted,1y target $43.00 (count not always on Nasdaq summary),not in the record as EGS,,1 as EGS,OFS multiple,,,not in the record,not in the record this pass,$584.6M,https://www.sec.gov/Archives/edgar/data/45012/000004501226000015/hal-20251231.htm,2026-09-02,,
storage,System integrator,"Fluence Energy, Inc. Class A",FLNC,NASDAQ-GS,yes,$1.93B,"Sep 2, 2026 8:53 AM ET",https://api.nasdaq.com/api/quote/FLNC/info?assetclass=stocks,~100% energy storage solutions + O&M + digital (FY2025 10-K),no,Not EV packs. Pure-play integrator.,https://www.sec.gov/Archives/edgar/data/1868941/000186894125000081/flnc-20250930.htm,FY2025 rev $2.263B -16% vs $2.699B on lower $/GWh; Q3 FY26 backlog $6.4B,FY2023 6.4%; FY2024 12.6%; FY2025 13.1%; Q3 FY2026 5.1%,two largest ~41% FY2025; AES and affiliates ~24%; AES 13% of $5.3B backlog at FYE,2026-06-30 cash+restricted $365m vs $400m 2.25% converts due 2030; derived near net-debt ~$35m before SCF,no (AES-Siemens JV 2017/2018; IPO 2021),2017,yes (grid storage),,FY2026 year-end 2026-09-30 / earnings ~Nov,FY2027 conversion of $2.2B of $6.4B backlog (Q3 call),Arizona/international CM run-rate early FY2027,"Liquid US Li-ion integrator. Theme, not unappreciated. AES-controlled.",~0.87x FY25 sales (derived EV ~$1.96B),NM (TTM adj. EBITDA negative after 9m FY26),"21 Hold, mean PT $16.33 (stockanalysis, third party)",100% storage; not independently word-counted,"25,445,491 shares, 2.708817 days, settlement 08/14/2026",4 as storage vehicle; 2 as quality compounder,100% mix; $6.4B backlog; GM 5.1%; 14% short (MarketBeat/FINRA 25.45m sh),yes,chain records 22; LEAP expiries not fully enumerated except MU through 2028-12-15,not in the record,"$400m 2.25% due 2030, strike ~$21.35, cap $28.74, capped calls",$80.9M,https://www.sec.gov/Archives/edgar/data/1868941/000186894125000081/flnc-20250930.htm,2026-09-02,,
storage,Vertically integrated Megapack OEM,"Tesla, Inc.",TSLA,NASDAQ-GS,yes,$1.410T,"Sep 2, 2026 8:58 AM ET",https://api.nasdaq.com/api/quote/TSLA/info?assetclass=stocks,Energy generation and storage 13.5% of FY2025 sales ($12.771B / $94.827B). Megapack vs Powerwall vs solar $ split not disclosed.,no (energy segment %); yes (Megapack-only),10-K two segments. Energy GM 29.8% FY2025; Q2 2026 20.4% on vendor cell warranty.,https://www.sec.gov/Archives/edgar/data/1318605/000162828026003952/tsla-20251231.htm,energy rev $6.035B/$10.086B/$12.771B FY23-25; deployments 14.7/31.4/46.7 GWh,FY2023 25.3%; FY2024 25.6%; FY2025 18.2%,no 10% receivable entity at 2026-06-30; energy customer % not in the record. SpaceX related-party Megapack $318m Q2 2026.,cash $15.22B at 2026-06-30 (XBRL; debt not netted unless noted),CEO-led (Elon Musk),2003 (commonly; not extracted from 10-K body this pass),no (10-K frames AI into the real world),,Megapack 3 / Megablock SOP 2026 (Q2 letter),Q3 2026 earnings (date not in the record),LFP Nevada 7 GWh early ramp / Houston Megafactory,Largest Western Megapack OEM. Energy 13.5% of sales; equity is AI/auto. Stub unbuyable.,14.8x FY2025 sales (equity),~96x FY2025 adj. EBITDA $14.6B,1y target $400.00 (count not always on Nasdaq summary),Megapack in Q2 letter; auto/AI dominate page count,"69,196,896 shares, 2.153776 days, settlement 08/14/2026",1 as storage,13.5% of sales; AI multiple; Megapack 3 known,yes,chain records 825; LEAP expiries not fully enumerated except MU through 2028-12-15,not in the record,recourse debt $2m; converts not in the record as outstanding,$13.97B,https://www.sec.gov/Archives/edgar/data/1318605/000162828026003952/tsla-20251231.htm,2026-09-02,,
storage,Residential inverter / battery,"Enphase Energy, Inc.",ENPH,NASDAQ-GM,yes,$4.70B,"Sep 2, 2026 8:57 AM ET",https://api.nasdaq.com/api/quote/ENPH/info?assetclass=stocks,"storage $ mix not disclosed; 706 MWh (working notes). Residential, not MW-scale grid.",yes (storage mix),IQ Battery + microinverters. Not the 20 GWh utility story.,https://www.sec.gov/Archives/edgar/data/1463101/000146310126000013/enph-20251231.htm,not extracted as storage-only,FY2023 40.1%; FY2024 41.8%; FY2025 46.2%,top customers ~39% (working notes / 10-K),cash $497.5M at 2026-03-31 (XBRL; debt not netted unless noted),no,2006,yes (microinverters) with storage add-on,,next earnings,IQ Battery attach,tariff/FEOC,"Residential, not utility-scale reliability asset.",~3.2x (working notes),not extracted,1y target $44.00 (count not always on Nasdaq summary),residential cycle,,1 as this shift,not 20 GWh utility,,,not in the record,not in the record this pass,$170.3M,https://www.sec.gov/Archives/edgar/data/1463101/000146310126000013/enph-20251231.htm,2026-09-02,,
storage,Zinc LDES,"Eos Energy Enterprises, Inc. Class A",EOSE,NASDAQ-CM,yes,$1.26B,"Sep 2, 2026 8:58 AM ET",https://api.nasdaq.com/api/quote/EOSE/info?assetclass=stocks,100% zinc energy storage (not Li-ion from EVs),no,Different chemistry. Speculative premium on small sales.,https://investors.eose.com/news-releases/news-release-details/eos-energy-enterprises-reports-fourth-quarter-and-full-year-2025,FY2025 sales ~$114m (working notes),FY2024 -448.3%; FY2025 -533.5%,two customers 51.5% + 18.8% (working notes),cash $305.5M at 2026-06-30 (XBRL; debt not netted unless noted),not verified this pass,2008,yes (zinc Znyth),,next earnings,manufacturing ramp,financing,"Zinc option, not LFP-from-EV. Not shortlisted.",~9.7x FY25 sales (working notes),N/M (negative GP),1y target $6.00 (count not always on Nasdaq summary),LDES speculative,"112,753,376 shares, 4.110328 days, settlement 08/14/2026",3,100% storage chemistry; $1.26B cap on $114m sales,yes,chain records 66; LEAP expiries not fully enumerated except MU through 2028-12-15,not in the record,not extracted this pass,$85.9M,https://investors.eose.com/news-releases/news-release-details/eos-energy-enterprises-reports-fourth-quarter-and-full-year-2025,2026-09-02,,
storage,Developer / IPP,"NextEra Energy, Inc.",NEE,NYSE,yes,$173.45B,"Sep 2, 2026 8:55 AM ET",https://api.nasdaq.com/api/quote/NEE/info?assetclass=stocks,"NEER 5,177 MW net storage YE2025 (10-K). Storage $ % of NEE not extracted as a clean %.",yes ($ %),"Storage is a capacity add-on to solar/gas, contracted under tolls.",https://www.sec.gov/Archives/edgar/data/753308/000075330826000015/nee-20251231.htm,owned MW 5.2 GW YE2025,,regulated + contracted (not extracted %),cash $2.00B at 2026-03-31 (XBRL; debt not netted unless noted),no,1925 (FPL heritage),yes (utility/IPP),,next 10-K storage MW,rate cases / interconnection,next earnings,IPP owner of storage; not a kit vendor.,not extracted,not extracted,1y target $100.50 (count not always on Nasdaq summary),storage as reliability add-on,,2 as storage,5.2 GW owned; utility multiple,,,not in the record,not in the record this pass,$158.4M,https://www.sec.gov/Archives/edgar/data/753308/000075330826000015/nee-20251231.htm,2026-09-02,,
storage,IPP + Fluence stub,The AES Corporation,AES,NYSE,yes,$10.55B,"Sep 2, 2026 8:58 AM ET",https://api.nasdaq.com/api/quote/AES/info?assetclass=stocks,Fluence founder/controller + own storage fleet. Fluence stub not the AES stock.,yes (stub value),AES Grid Stability 28.5% economics / 66.6% vote of Fluence at FYE2025 (FLNC 10-K).,https://www.sec.gov/Archives/edgar/data/874761/,not extracted,FY2023 24.3%; FY2024 20.2%; FY2025 19.8%,not extracted,cash $1.80B at 2026-06-30 (XBRL; debt not netted unless noted),no,1981,yes (IPP) with new energy mix,,Fluence execution (related party),next earnings,any Fluence sell-down,Messy Fluence + IPP bundle. Not shortlisted.,not extracted,not extracted,1y target $15.00 (count not always on Nasdaq summary),Fluence related-party,,2 as storage,Fluence stub not the stock,,,not in the record,not in the record this pass,$86.0M,https://www.sec.gov/cgi-bin/browse-edgar?action=getcompany&CIK=0000874761,2026-09-02,,
verification,AI data engineering / HITL,Innodata Inc.,INOD,NASDAQ-GM,yes,$1.86B,"Sep 2, 2026 8:49 AM ET",https://api.nasdaq.com/api/quote/INOD/info?assetclass=stocks,DDS $220.9m / $251.7m = 87.8% FY2025 (derived). One DDS customer 58% of total.,no,FY2025 10-K. RL environments as a named product line not disclosed.,https://www.sec.gov/Archives/edgar/data/903651/000110465926020655/inod-20251231x10k.htm,DDS +57% YoY; company +48% organic,FY2024 39%; FY2025 40% (10-K). FY2023 GM not extracted this pass,one customer 58% FY2025 (48% FY2024). No other >=10%.,cash $240.3M at 2026-06-30 (XBRL; debt not netted unless noted),no (founded 1988; professional CEO),1988,no (content BPO -> AI data engineering),,next earnings / 10-Q customer %,FY2026 DDS vs $150m kill line,whether 58% customer renews,Shortlist. Listed human-data vendor with filing-grade concentration risk.,not extracted,not extracted,1y target $120.00 (count not always on Nasdaq summary),DDS/AI systems services are the 10-K; RL environments not a line,"4,611,951 shares, 2.245201 days, settlement 08/14/2026",4 as AI-data; 2 as RL-environments,known AI-data name; 58% customer; 52w $125/$34,yes,chain records 184; LEAP expiries not fully enumerated except MU through 2028-12-15,not in the record,not in the record this pass,$69.0M,https://www.sec.gov/Archives/edgar/data/903651/000110465926020655/inod-20251231x10k.htm,2026-09-02,,
verification,TIC incumbent,UL Solutions Inc. Class A,ULS,NYSE,yes,$14.83B,"Sep 2, 2026 8:58 AM ET",https://api.nasdaq.com/api/quote/ULS/info?assetclass=stocks,"AI % of TIC work not in the record. Software segment $285m / $3,053m = 9.3% FY2025 (derived), not an AI-certification line.",yes (AI %),CEO commentary names AI-fueled digitalization as a megatrend — not a revenue line.,https://www.sec.gov/Archives/edgar/data/1901440/000190144026000003/exhibit991q42025ulsolution.htm,"FY2025 rev $3,053m vs $2,870m",,not extracted this pass,cash $434.0M at 2026-06-30 (XBRL; debt not netted unless noted),no,1894 (Underwriters Laboratories heritage); ULS IPO 2024,yes (safety science TIC),,FY2026 10-K AI-certification line or lack thereof,next earnings,NIST/ISO AI-MS uptake,Shortlist. TIC incumbent; AI-safety unlabeled inside $3B product testing.,not extracted,not extracted,1y target $98.00 (count not always on Nasdaq summary),AI is a megatrend sentence,,1 as AI verification; 4 as TIC,no AI $ line; mid-single-digit TIC growth,yes,chain records 20; LEAP expiries not fully enumerated except MU through 2028-12-15,not in the record,not in the record this pass,,https://www.sec.gov/Archives/edgar/data/1901440/000190144026000005/uls-20251231.htm,2026-09-02,,
verification,Verified professional content,Thomson Reuters Corporation Common Shares,TRI,NASDAQ-GS,yes,$45.95B,"Sep 2, 2026 8:56 AM ET",https://api.nasdaq.com/api/quote/TRI/info?assetclass=stocks,verification-as-a-product $ not broken out of professional information,yes,Westlaw / Practical Law / Reuters corpus is the scarce verified input on the deployment side.,https://www.sec.gov/cgi-bin/browse-edgar?action=getcompany&CIK=0001075124,not extracted this pass,,not extracted this pass,,no,2008 (Thomson Reuters); Reuters 1851,yes (professional information),,next earnings organic growth,AI-assistant ARR vs corpus growth,Westlaw AI product attach,Shortlist. Corpus owner; chatbot is not the bottleneck.,not extracted,not extracted,1y target $124.00 (count not always on Nasdaq summary),AI tools on top of corpus; corpus $ not separated,,2 as this shift; 4 as professional info,known info compounder; verification product unseparated,,,not in the record,not in the record this pass,$210.2M,https://investors.thomsonreuters.com/news-releases/news-release-details/thomson-reuters-reports-fourth-quarter-and-full-year-2025,2026-09-02,,
verification,"Code review / DevOps (adjacent, not the shift)",GitLab Inc. Class A,GTLB,NASDAQ-GS,yes,$9.54B,"Sep 2, 2026 8:58 AM ET",https://api.nasdaq.com/api/quote/GTLB/info?assetclass=stocks,do not map 100% of revenue to verification. Code review/CI is adjacent tooling.,yes (as this shift),Category error if treated as RL environments.,https://www.sec.gov/Archives/edgar/data/1653482/000162828026018731/gtlb-20260131.htm,FY23-25 rev $152/$253/$424m (XBRL),FY2023 87.9%; FY2024 88.1%; FY2025 87.8%,not extracted this pass,cash $226.5M at 2026-07-31 (XBRL; debt not netted unless noted),yes (Sid Sijbrandij),2011,yes (DevSecOps platform),,next earnings,AI code-review attach,n/a as RL env,"Starter software name; adjacent, not the shift.",not extracted,not extracted,1y target $41.00 (count not always on Nasdaq summary),"dev-tools AI, not RL environments","15,433,672 shares, 3.262517 days, settlement 08/14/2026",5 as observability/dev-tools; 1 as RL environments,wrong layer,yes,chain records 207; LEAP expiries not fully enumerated except MU through 2028-12-15,not in the record,not in the record this pass,$245.9M,https://www.sec.gov/Archives/edgar/data/1653482/000162828026018731/gtlb-20260131.htm,2026-09-02,,
verification,Work-management software (adjacent),Atlassian Corporation Class A,TEAM,NASDAQ-GS,yes,$46.88B,"Sep 2, 2026 8:50 AM ET",https://api.nasdaq.com/api/quote/TEAM/info?assetclass=stocks,do not map 100% to verification,yes (as this shift),"Jira/Confluence/Bitbucket sit next to code review, not RL environments.",https://www.sec.gov/Archives/edgar/data/1650372/000165037226000036/team-20260630.htm,FY23-25 rev $2.09/$2.80/$3.54B (XBRL),FY2023 84.1%; FY2024 83.8%; FY2025 82.1%,not extracted this pass,cash $1.24B at 2026-06-30 (XBRL; debt not netted unless noted),yes (Cannon-Brookes / Farquhar),2002,yes (collaboration software),,next earnings,AI features,n/a as RL env,Starter software name; adjacent.,not extracted,not extracted,1y target $180.00 (count not always on Nasdaq summary),dev-tools,"11,745,304 shares, 1.787491 days, settlement 08/14/2026",5 as software; 1 as this shift,wrong layer,yes,chain records 363; LEAP expiries not fully enumerated except MU through 2028-12-15,not in the record,not in the record this pass,$835.4M,https://www.sec.gov/Archives/edgar/data/1650372/000165037226000036/team-20260630.htm,2026-09-02,,
verification,Observability (adjacent),"Datadog, Inc. Class A",DDOG,NASDAQ-GS,yes,$77.89B,"Sep 2, 2026 8:58 AM ET",https://api.nasdaq.com/api/quote/DDOG/info?assetclass=stocks,do not map 100% of ARR to verification,yes (as this shift),"Observability is adjacent to deployment-side checking, not RL environments.",https://www.sec.gov/Archives/edgar/data/1561550/000162828026008819/ddog-20251231.htm,FY23-25 rev $1.03/$1.68/$2.13B (XBRL),FY2023 77.2%; FY2024 79.3%; FY2025 80.7%,not extracted this pass,cash $435.0M at 2026-06-30 (XBRL; debt not netted unless noted),yes,2010,yes (observability),,next earnings,AI observability products,n/a as RL env,Starter software name; adjacent.,not extracted,not extracted,1y target $300.00 (count not always on Nasdaq summary),observability,"9,245,979 shares, 1.427816 days, settlement 08/14/2026",5 as observability; 1 as this shift,wrong layer,yes,chain records 268; LEAP expiries not fully enumerated except MU through 2028-12-15,not in the record,not in the record this pass,$969.6M,https://www.sec.gov/Archives/edgar/data/1561550/000162828026008819/ddog-20251231.htm,2026-09-02,,
verification,Observability (adjacent),"Dynatrace, Inc.",DT,NYSE,yes,$15.29B,"Sep 2, 2026 8:28 AM ET",https://api.nasdaq.com/api/quote/DT/info?assetclass=stocks,do not map 100% to verification,yes (as this shift),Same category error as DDOG.,https://www.sec.gov/Archives/edgar/data/1773383/000177338326000019/dt-20260331.htm,"FY23-25 rev $704/$929/$1,159m (XBRL)",FY2023 81.8%; FY2024 81.4%; FY2025 80.8%,not extracted this pass,cash $1.06B at 2026-06-30 (XBRL; debt not netted unless noted),no (Thoma Bravo heritage),2005,yes (observability/APM),,next earnings,AI ops products,n/a as RL env,Starter software name; adjacent.,not extracted,not extracted,1y target $60.00 (count not always on Nasdaq summary),observability,,5 as observability; 1 as this shift,wrong layer,yes,chain records 21; LEAP expiries not fully enumerated except MU through 2028-12-15,not in the record,not in the record this pass,$159.5M,https://www.sec.gov/Archives/edgar/data/1773383/000177338326000019/dt-20260331.htm,2026-09-02,,
memory,HBM stacks,SK hynix Inc.,000660.KS,KSE,yes,"KRW 1,145T (~USD 840B at USD/KRW 1363)",2026-09-02 06:30 UTC,https://finance.yahoo.com/quote/000660.KS,HBM % of total not disclosed,yes,FY2025: HBM revenue more than doubled YoY; KRW 97.1467T total. Precise HBM/total % not in English IR retrieved.,https://news.skhynix.com/en/sk-hynix-announces-fy25-financial-results/,HBM revenue more than doubled YoY FY2025 (company),"OP margin FY24 35%, FY25 49%, Q2 2026 76% (not GAAP GM%)",not in the record of English IR; LTAs with ~10 key customers,"net cash KRW 69.4T end-Q2 2026 (cash 88T, debt 18.6T)",no,1983,yes,,2026-10-27 earnings (Yahoo),HBM4 ramp 2H 2026,Yongin Phase 1 early 2027,Largest HBM supplier; thesis treated as priced-in.,6.01 (Yahoo),7.92 (Yahoo),38 (Yahoo),HBM-centric FY25 and 2Q26,not in the record (.KS),5,76% OP margin; HBM headline; original exclusion,not in the record from US chain,,not in the record,not in the record of 2Q26 release,~USD 4.5B/day (Yahoo),https://news.skhynix.com/en/q2-2026-business-results/,2026-09-02,,
memory,HBM stacks,"Samsung Electronics Co., Ltd.",005930.KS,KSE,yes,"KRW 1,645T (~USD 1.21T)",2026-09-02 06:30 UTC,https://finance.yahoo.com/quote/005930.KS,HBM % of group not disclosed,yes,FY2025 group KRW 333.6T; Memory drove DS profit; HBM minority of conglomerate.,https://news.samsung.com/global/samsung-electronics-announces-fourth-quarter-and-fy-2025-results,Q4 2025 DS +33% QoQ,not in English newsroom (OP by division),not in the record,Yahoo TTM net cash ~KRW 168T (not a dated footnote),Lee family control,1969 electronics,no (conglomerate),,2026-10-28 earnings,HBM4 vs SK hynix qualification,FY2026 Memory mix,#2/#3 HBM IDM plus base-die foundry.,3.22 (Yahoo),6.87 (Yahoo),36 (Yahoo),HBM-heavy in DS section,not in the record (.KS),4,DS OP KRW 16.4T of group OP KRW 20.1T Q4'25,not in the record from US chain,,not in the record,,~USD 4.0B/day,https://news.samsung.com/global/samsung-electronics-announces-fourth-quarter-and-fy-2025-results,2026-09-02,,
memory,NAND / HBF partner,Kioxia Holdings Corporation,285A.T,TSE Prime,yes,JPY 27.97T,2026-09-02 15:30 GMT+9,https://www.google.com/finance/quote/285A:TYO,not an HBM maker; NAND/SSD current P&L; HBF with Sandisk,yes (HBF),Listed 2024-12-18. HBM production not in the record.,https://www.google.com/finance/quote/285A:TYO,Jun 2026 quarter revenue JPY 1.77T (Google Finance table),not extracted from EDINET this pass,not in the record this pass,not in the record this pass,no,2017 (Toshiba Memory),yes,,next quarterly,Sandisk JV Japan capex,HBF samples,NAND IDM; HBF partner; not HBM.,7.44 (Yahoo),11.82 (Yahoo),16 (Yahoo),NAND/AI-storage,not in the record (.T),4,NAND tightness from HBM crowding is a known debate,not in the record from US chain,,not in the record,,~USD 11B/day (Yahoo),https://www.kioxia-holdings.com/content/dam/kioxia-hd/en-jp/ir/library/securities/asset/Annual-Securities-Report-FY2025-EN.pdf,2026-09-02,,
memory,Bonding equipment,ASMPT Limited,0522.HK,HKSE,yes,HKD 66.0B,2026-09-02,https://finance.yahoo.com/quote/0522.HK,advanced packaging 30% of group (2025 AR); TCB for HBM is a subset,yes (HBM TCB as % of group),HBM is a minority of a minority. Still labeled SMT/assembly.,https://www.hkexnews.hk/listedco/listconews/sehk/2026/0410/2026041000019.pdf,TCB +146% in 2025 (company AR commentary),adjusted GM -172 bps in 2025,not in the record this pass,not extracted this pass,no,1975,partially,,FY2026 results ~Mar 2027,HBM4 TCB multi-customer claims,hybrid-bonding vs Besi 2026-27,Shortlist. EV/S ~4x vs Besi 21x / Hanmi 37x.,3.97 (Yahoo),33.15 (Yahoo),18 (Yahoo),HBM TCB in 2025 AR; SMT still the label,not in the record (.HK),2,AP 30%; TCB subset; multiple vs bonder peers,not in the record from US chain,,not in the record,,~USD 40M/day (Yahoo),https://www.hkexnews.hk/listedco/listconews/sehk/2026/0410/2026041000019.pdf,2026-09-02,,
memory,Bonding equipment,BE Semiconductor Industries N.V.,BESI.AS,Euronext Amsterdam,yes,EUR 15.2B,2026-09-02,https://finance.yahoo.com/quote/BESI.AS,hybrid bonding + TC Next for HBM; not majority of current sales,yes,Option is famous — not shortlisted as unappreciated.,https://www.besi.com/investor-relations/press-releases/details/be-semiconductor-industries-nv-announces-q4-25-and-full-year-2025-results/,not extracted as HBM-only,not extracted this pass,not in the record this pass,not extracted,no,1995,yes,,2026 qualification / 2027 volume hybrid bonding,next earnings,HBM4E/HBM5 POR,Listed merchant hybrid bonder; option is famous.,20.63 (Yahoo),54.32 (Yahoo),23 (Yahoo),hybrid bonding is a known AI-packaging story,not in the record (.AS),4,EV/S 21x; hybrid-bonding option famous,not in the record from US chain,,not in the record,,~USD 100M/day (Yahoo),https://www.besi.com/investor-relations/press-releases/details/be-semiconductor-industries-nv-announces-q4-25-and-full-year-2025-results/,2026-09-02,,
memory,Bonding equipment,"Hanmi Semiconductor Co., Ltd.",042700.KS,KSE,yes,KRW 20.3T (Yahoo),2026-09-02,https://finance.yahoo.com/quote/042700.KS,HBM TC bonders are the headline; exact % not in English IR retrieved,yes,Closest listed HBM-bonder specialist. Priced as one.,https://uk.finance.yahoo.com/quote/042700.KS/key-statistics/,not in the record as a filing % this pass,not in the record this pass,not in the record,EV slightly below market cap (Yahoo UK table),not verified this pass,1980,yes,,next Korean earnings,HBM4 TCB share vs ASMPT,16H stack tools,"HBM-bonder specialist; priced-in, not shortlisted.",36.83 (Yahoo),82.60 (Yahoo),7 (Yahoo),HBM bonder is the narrative,not in the record (.KS),5,EV/S 37x; HBM-bonder headline,not in the record from US chain,,not in the record,,~USD 80M/day (Yahoo),https://finance.yahoo.com/quote/042700.KS,2026-09-02,,
memory,Test ATE,Advantest Corporation,6857.T,TSE,yes,JPY 23.5T,2026-08-30 to 2026-09-02,https://www.marketcapwatch.com/company/tyo-6857-marketcap,memory testers ~60% share of memory ATE (company CY2025 estimate); HBM % of Advantest not in the record,yes,AI SoC tester is the bigger story.,https://www.advantest.com/document/en/investors/ir-library/result/JE_BIZ_260427_note.pdf,not extracted from EDINET this pass,not extracted this pass,not in the record this pass,not extracted,no,1954,yes,,next earnings,HBM4 test intensity,SoC vs memory mix,Memory + SoC ATE; HBM test inside Memory Test Systems.,19.36 (Yahoo),40.94 (Yahoo),21 (Yahoo),AI SoC tester > HBM KGD in the narrative,not in the record (.T),4,EV/S 19x; AI tester narrative,not in the record from US chain,,not in the record,,~USD 1.7B/day (Yahoo),https://www.advantest.com/document/en/investors/ir-library/result/JE_BIZ_260427_note.pdf,2026-09-02,,
optics,Datacom modules,"Zhongji Innolight Co., Ltd.",300308.SZ,SZSE,yes,CNY 968.7B (Yahoo); ~USD 143-150B depending on FX/source date,2026-08-30 to 2026-09-02,https://finance.yahoo.com/quote/300308.SZ,pluggable datacom 10G-1.6T; CPO % not in the record. Estimate: revenue is pluggables.,yes (CPO),"Module cycle is the narrative. Priced-in as 800G/1.6T, not as CPO.",https://finance.yahoo.com/quote/300308.SZ,not extracted from A-share AR this pass,not extracted this pass,A-share customer % not extracted this pass,not extracted this pass,founder/control status not in the record this pass,2005,yes (after 2017 rename),,next earnings (undated on Yahoo),1.6T mix,US optical-parts policy risk,"China module champion; LPO/1.6T, not CPO.","~15x at CNY 65B sales / 6.78 FX (working notes, illustrative)",not extracted,not in the record,800G/1.6T modules,not in the record (.SZ),5 as 800G/1.6T modules; 2 as CPO,module cycle is the narrative,not in the record from US chain,,not in the record,,not converted this pass (Yahoo vol 35.0m sh),https://finance.yahoo.com/quote/300308.SZ,2026-09-02,,
optics,Datacom modules,"Eoptolink Technology Inc., Ltd.",300502.SZ,SZSE,yes,CNY 539.2B (Yahoo),2026-09-02,https://finance.yahoo.com/quote/300502.SZ,pluggable datacom; CPO % not in the record,yes (CPO),Second China module champion; LPO/1.6T.,https://finance.yahoo.com/quote/300502.SZ,not extracted this pass,not extracted this pass,not extracted this pass,not extracted this pass,not in the record this pass,2008,yes (modules),,next earnings,1.6T Gen2 (secondary; not a filing),US policy risk,Second China module champion.,not extracted,not extracted,not in the record,1.6T/LPO,not in the record (.SZ),5 as modules; 2 as CPO,module cycle is the narrative,not in the record from US chain,,not in the record,,,https://finance.yahoo.com/quote/300502.SZ,2026-09-02,,
optics,Fiber / connectors,"Sumitomo Electric Industries, Ltd.",5802.T,TSE,yes,not independently printed from an exchange API this pass (conglomerate; working notes ~1x sales on local figures),2026-09-02,https://finance.yahoo.com/quote/5802.T,"Infocommunications ¥326.6bn = 6.4% of group ¥5,110.2bn FY2025 (year ended 2026-03-31). CPO not broken out of infocomm.",yes,Shortlist. Auto/energy/wire conglomerate; fiber toolkit unlabeled.,https://sumitomoelectric.com/sites/default/files/2026-07/download_documents/FS2025.pdf,"Infocomm net sales +46.3% YoY; OP ¥77.4bn, OP margin 23.7% (FS2025)",not extracted this pass,not extracted this pass,not extracted this pass,no,1897,no (conglomerate),,2026-10-30 earnings CPO/AI-fiber mention,FY Mar 2027 Yuho infocomm profit,named hyperscaler contract by 2027-03-31,Shortlist. Fiber/CPO-attach toolkit inside auto-parts label.,~1x sales on local figures (working notes),not extracted,not in the record,priced in auto-parts Yahoo industry,not in the record (.T),1 as CPO; 4 as auto/wire,conglomerate; infocomm minority,not in the record from US chain,,not in the record,,,https://sumitomoelectric.com/sites/default/files/2026-07/download_documents/FS2025.pdf,2026-09-02,,
optics,Fiber / cable,"Furukawa Electric Co., Ltd.",5801.T,TSE,yes,not independently printed this pass,2026-09-02,https://finance.yahoo.com/quote/5801.T,CPO % not in the record,yes,Fiber/cable conglomerate. Yuho segment $ not extracted this pass.,https://finance.yahoo.com/quote/5801.T,not extracted,not extracted,not extracted,not extracted,no,1884,no (conglomerate),,next Yuho,AI-fiber commentary,n/a,Starter fiber name; conglomerate.,not extracted,not extracted,not in the record,fiber conglomerate,not in the record (.T),1 as CPO,old cable business labels the stock,not in the record from US chain,,not in the record,,,https://finance.yahoo.com/quote/5801.T,2026-09-02,,
optics,Fiber,Fujikura Ltd.,5803.T,TSE,yes,not independently printed this pass,2026-09-02,https://finance.yahoo.com/quote/5803.T,CPO % not in the record. Working notes: already the Japan AI-fiber poster child — not shortlisted.,yes,Fiber for AI datacenters is a known TSE theme.,https://finance.yahoo.com/quote/5803.T,not extracted,not extracted,not extracted,not extracted,no,1885,partially,,next Yuho,AI-fiber orders,n/a,"Starter; Japan AI-fiber poster child, therefore not unappreciated.",not extracted,not extracted,not in the record,AI fiber is the TSE narrative,not in the record (.T),4 as AI fiber; 2 as CPO engines,already the poster child,not in the record from US chain,,not in the record,,,https://finance.yahoo.com/quote/5803.T,2026-09-02,,
storage,Cells LFP/ESS,"Contemporary Amperex Technology Co., Limited",300750.SZ,SZSE (also 3750.HK),yes,USD 230-272B third-party range (MarketCapWatch $257B as of 2026-08-30; companiesmarketcap $272B Aug 2026). Not a filing.,2026-08-30 to 2026-09-02,https://companiesmarketcap.com/catl/marketcap/,ESS batteries 14.74% of 2025 op. rev (RMB 62.44B / 423.70B). EV batteries 74.70%.,no,"2025 annual report English extract. ESS GWh 121, +29%; ESS RMB +9% => ASP down (derived).",https://www.catl.com/en/uploads/1/file/public/202603/20260310105310_46xjbwckvn.pdf,ESS GWh +29.13%; ESS RMB +8.99%,ESS GM 26.71% (2025) vs 26.84% (2024); 2023 ESS GM not extracted,not in the record of pages searched,not extracted from the 9k-line PDF this pass,yes (Zeng Yuqun),2011,yes (power + ESS batteries; Na-ion added),,"Na-ion TENER timelines (company-event reporting, not audited)",next earnings (MarketCapWatch 2026-10-20 third party),TENER Stack overseas ramp,Largest ESS cell vendor. Dual-use explicit. Storage known but not the multiple.,~4x illustrative at 7.1 CNY/USD,not extracted,not in the record,ESS 15% of sales,not in the record (A/H shares),3 as storage,15% ESS $; #1 share known; A-share is EV-battery compounder,not in the record from US chain,,not in the record,,,https://www.catl.com/en/uploads/1/file/public/202603/20260310105310_46xjbwckvn.pdf,2026-09-02,,
storage,Cells / ESS mix,"EVE Energy Co., Ltd.",300014.SZ,SZSE,yes,not independently printed from an exchange API this pass,2026-09-02,https://finance.yahoo.com/quote/300014.SZ,ESS batteries RMB 24.441bn = 39.76% of 2025 revenue; 71.05 GWh (CNINFO AR 2026-03-28),no (ESS line); HBM-style dual-use cells still mixed in the line,Closer to a storage cell company than CATL 15%. US coverage thin. Shortlist.,https://static.cninfo.com.cn/finalpage/2026-03-28/1225045391.PDF,ESS GWh in dossier; ASP-down (ESS GM ~12%),"ESS GM 12.28% in 2025, -244 bp YoY (AR)",not extracted this pass,not extracted this pass,not verified this pass,2001,yes (batteries),,2026 AR ESS mix,FEOC/export,next earnings,"Shortlist. ~40% ESS mix, under-followed in US.",not in the record,not in the record,not in the record,ESS mix 40%,not in the record (.SZ),2 as 'already in every US SMID book'; 4 as storage mix,40% ESS; thin US coverage,not in the record from US chain,,not in the record,,,https://static.cninfo.com.cn/finalpage/2026-03-28/1225045391.PDF,2026-09-02,,
storage,Inverter + ESS kits,"Sungrow Power Supply Co., Ltd.",300274.SZ,SZSE,yes,"~USD 30B (Green Stocks Research, 2026-08-29; third party)",2026-08-29,https://greenstocksresearch.com/energy-storage-stocks/,ESS systems RMB 37.287bn = 41.81% of 2025 sales; 43 GWh; ESS GM 36.49% (CNINFO AR 2026-04-01),no (ESS line),Competes with Tesla/Fluence on kits. US still files under solar inverter. Shortlist.,https://static.cninfo.com.cn/finalpage/2026-04-01/1225066678.PDF,ESS share of sales in dossier,"ESS GM 36.49% in 2025, -20 bp YoY (AR)",not extracted this pass,not extracted this pass,not verified this pass,1997,partially (inverters + ESS),,AD/CVD/FEOC on Chinese PCS,next AR ESS mix,next earnings,Shortlist. ESS 42% of sales; inverter attached.,not in the record,not in the record,not in the record,solar-inverter label in US,not in the record (.SZ),3 known in China; 4 storage mix,42% ESS; US category error,not in the record from US chain,,not in the record,,,https://static.cninfo.com.cn/finalpage/2026-04-01/1225066678.PDF,2026-09-02,,
storage,Cells / NA LFP ESS,LG Energy Solution,373220.KS,KRX,yes,not independently printed this pass,2026-09-02,https://finance.yahoo.com/quote/373220.KS,ESS % of sales not disclosed. Company: scaled non-China LFP ESS in NA; 140 GWh ESS backlog; idle EV lines reallocated (2025 results IR).,yes (% of sales),Shortlist as domestic-content cell expression. ESS $ hidden.,https://news.lgensol.com/company-news/press-releases/4550/,ESS +40% (company; $ base not disclosed),not extracted as ESS-only,not extracted,not extracted,no (LG group),2020 (spin); battery heritage older,yes (batteries),,next business report ESS %,IRA/OBBBA domestic-content rules,line conversion from EV to ESS,Shortlist. Only scaled non-China LFP ESS in NA (company).,not in the record,not in the record,not in the record,ESS $ % hidden,not in the record (.KS),2 as ESS,ESS % undisclosed; NA LFP known to specialists,not in the record from US chain,,not in the record,,,https://www.lgensol.com/upload/file/download/2025_LGES_Business_Report.pdf,2026-09-02,,
storage,Cells,"Samsung SDI Co., Ltd.",006400.KS,KRX,yes,not independently printed this pass,2026-09-02,https://finance.yahoo.com/quote/006400.KS,ESS inside Energy Solutions blob; % not disclosed in pages used,yes,ESS in a loss blob (working notes).,https://finance.yahoo.com/quote/006400.KS,not extracted as ESS-only,Energy Solutions loss blob (working notes),not extracted,not extracted,no,1970,partially (batteries + electronic materials),,next earnings,ESS mix disclosure,n/a,Starter cell name; ESS not a clean stub.,not in the record,not in the record,not in the record,ESS in a loss blob,not in the record (.KS),1 as storage,ESS in a loss blob,not in the record from US chain,,not in the record,,,https://finance.yahoo.com/quote/006400.KS,2026-09-02,,
storage,Cells / auto + ESS (undisclosed mix),BYD Company Limited,1211.HK,HKEX,yes,third-party range $44-107B depending on share class/source — do not treat as a filing,2026-09-02,https://finance.yahoo.com/quote/1211.HK,ESS $ line not disclosed in pages used,yes,Auto + batteries. Blade ESS exists as a product; mix not in the record here.,https://finance.yahoo.com/quote/1211.HK,not extracted as ESS,not extracted as ESS,not extracted,not extracted,yes (Wang Chuanfu),1995,no (batteries -> cars),,next AR ESS line,next earnings,n/a,Starter; ESS $ not disclosed.,not in the record,not in the record,not in the record,auto multiple,not in the record (.HK),1 as storage,ESS $ not disclosed,not in the record from US chain,,not in the record,,,https://finance.yahoo.com/quote/1211.HK,2026-09-02,,
storage,Integrator (exiting segment),Wärtsilä Oyj Abp,WRT1V.HE,Nasdaq Helsinki,yes,not independently printed this pass,2026-09-02,https://finance.yahoo.com/quote/WRT1V.HE,Energy Storage was a reporting segment; company will discontinue it via JV with RCT Solutions (PR 2026-06-15). ~10% storage (working notes) becoming a JV.,yes (historical mix),"A European scaler leaving. Bear fact for Western integrators, not a long.",https://www.wartsila.com/media/news/15-06-2026-inside-information-wartsila-to-establish-a-joint-venture-for-its-global-energy-storage-business-with-rct-solutions-gmbh-and-discontinue-energy-storage-as-a-separate-reporting-segment-3763438,"storage organic -11%, OP 3.3% (working notes) before JV",not extracted as a 3y GAAP series this pass,not extracted,not extracted,no,1834,no (marine + energy; storage being JV'd),,JV close,segment discontinued in reporting,n/a,Starter; exiting storage as a reporting segment.,not in the record,not in the record,not in the record,JV exit 2026-06-15,not in the record (.HE),1 as storage (exiting),JV exit,not in the record from US chain,,not in the record,,,https://www.wartsila.com/media/news/15-06-2026-inside-information-wartsila-to-establish-a-joint-venture-for-its-global-energy-storage-business-with-rct-solutions-gmbh-and-discontinue-energy-storage-as-a-separate-reporting-segment-3763438,2026-09-02,,
verification,AI data / HITL,Appen Limited,APX.AX,ASX,yes,not independently printed from an exchange API this pass,2026-09-02,https://announcements.asx.com.au/asxpdf/20260225/pdf/06wq7ntr51bhgl.pdf,AI lifecycle data is the business. FY25 operating revenue USD 230.8m.,no (business mix); RL-env % not disclosed,Global USD 127.9m -21%; China USD 102.9m +75% FY25. H1 FY26 China 80% of the growth.,https://announcements.asx.com.au/asxpdf/20260225/pdf/06wq7ntr51bhgl.pdf,FY25 +4.5%; H1 FY26 +17.5%,H1 FY26 gross margin 36.7% (crowd-expense definition),not a 10-K 58% print; Global still project-based / large-client sensitive (H1 commentary),cash USD 59.8m at 2025-12-31; USD 44.7m at 2026-06-30,no (professional CEO Ryan Kolln),1996,partially (crowd data; genAI mix shift),,FY26 guide USD 270-300m / 5-10% uEBITDA,Global vs China mix H2,next 4C,Listed AI-data vendor; Global scar tissue from Scale/tech mix shift.,not extracted,not extracted,not in the record,turnaround is the narrative,not in the record (.AX),3 as AI data,China surge vs Global decline is the story,not in the record from US chain,,not in the record,,,https://announcements.asx.com.au/asxpdf/20260225/pdf/06wq7ntr51bhgl.pdf,2026-09-02,,
verification,TIC incumbent,SGS SA,SGSN.SW,SIX,yes (ticker not US-API verified; FY25 ~CHF 6.8bn third-party TIC roundup),not independently printed this pass,2026-09-02,https://finance.yahoo.com/quote/SGSN.SW,AI % of revenue not in the record,yes,TIC incumbent. AI-safety is a brochure line.,https://www.sgs.com/en-gb/news/2026/02/2025-full-year-results,~5% organic FY25 (third-party TIC roundup — confirm vs annual report),not extracted this pass,not extracted,not extracted,no,1878,yes (TIC),,next annual report AI language,next earnings,ISO/NIST AI-MS,TIC incumbent; AI unlabeled.,not extracted,not extracted,not in the record,AI % not in the record,not in the record (.SW),1 as AI verification; 4 as TIC,no AI $ line,not in the record from US chain,,not in the record,,,https://www.sgs.com/en-gb/news/2026/02/2025-full-year-results,2026-09-02,,
verification,TIC incumbent,Bureau Veritas SA,BVI.PA,Euronext Paris,yes (not US-API verified),not independently printed this pass,2026-09-02,https://finance.yahoo.com/quote/BVI.PA,AI % of revenue not in the record,yes,TIC incumbent.,https://cdn1-middle-east.bureauveritas.com/sites/g/files/zypfnx316/files/media/document/BV_Press_Release_FY_2025_Results.pdf,~6% FY25 (third-party TIC roundup),not extracted,not extracted,not extracted,no,1828,yes (TIC),,next URD AI language,next earnings,ISO/NIST AI-MS,TIC incumbent; AI unlabeled.,not extracted,not extracted,not in the record,AI % not in the record,not in the record (.PA),1 as AI verification,no AI $ line,not in the record from US chain,,not in the record,,,https://cdn1-middle-east.bureauveritas.com/sites/g/files/zypfnx316/files/media/document/BV_Press_Release_FY_2025_Results.pdf,2026-09-02,,
verification,TIC incumbent,Intertek Group plc,ITRK.L,LSE,yes (not US-API verified),not independently printed this pass,2026-09-02,https://finance.yahoo.com/quote/ITRK.L,AI % of revenue not in the record,yes,TIC incumbent.,https://www.intertek.com/investors/,~5% FY25 (third-party TIC roundup),not extracted,not extracted,not extracted,no,1885,yes (TIC),,next annual report,next earnings,ISO/NIST AI-MS,TIC incumbent; AI unlabeled.,not extracted,not extracted,not in the record,AI % not in the record,not in the record (.L),1 as AI verification,no AI $ line,not in the record from US chain,,not in the record,,,https://www.intertek.com/investors/,2026-09-02,,
verification,Verified professional content,RELX PLC,REL.L,LSE (also REL NYSE ADR),yes (not US-API verified this pass),not independently printed this pass,2026-09-02,https://finance.yahoo.com/quote/REL.L,verification-product $ not broken out of legal/STM/risk,yes,LexisNexis / Elsevier / Risk corpus.,https://www.relx.com/media/press-releases/year-2026/relx-2025-results,not extracted this pass,not extracted this pass,not extracted,not extracted,no,1903 (Reed lineage),yes (professional information),,next earnings organic growth,AI-assistant vs corpus,n/a,Corpus owner; parallel to TRI.,not extracted,not extracted,not in the record,AI overlay known; verification $ unseparated,not in the record (.L),2 as this shift,info compounder; product unseparated,not in the record from US chain,,not in the record,,,https://www.relx.com/media/press-releases/year-2026/relx-2025-results,2026-09-02,,
verification,Verified professional content,Wolters Kluwer N.V.,WKL.AS,Euronext Amsterdam,yes (not US-API verified),not independently printed this pass,2026-09-02,https://finance.yahoo.com/quote/WKL.AS,verification-product $ not broken out of tax/legal/health,yes,Professional information / clinical decision support.,https://assets.contenthub.wolterskluwer.com/api/public/content/3118646-2026-02-25-wolters-kluwer-2025-full-year-results-7391945524?v=2c966da9+en,not extracted this pass,not extracted this pass,not extracted,not extracted,no,1836,yes (professional information),,next earnings,UpToDate/AI attach,n/a,Corpus owner; clinical/tax/legal.,not extracted,not extracted,not in the record,AI overlay known,not in the record (.AS),2 as this shift,info compounder,not in the record from US chain,,not in the record,,,https://assets.contenthub.wolterskluwer.com/api/public/content/3118646-2026-02-25-wolters-kluwer-2025-full-year-results-7391945524?v=2c966da9+en,2026-09-02,,
verification,Parent of privatized TIXT,TELUS Corporation,TU,NYSE,yes,Nasdaq API $9.65 last sale 2026-09-02 8:39 ET (mcap not in the 48-name dump; fetch info only),2026-09-02,https://api.nasdaq.com/api/quote/TU/info?assetclass=stocks,TELUS Digital (ex-TIXT) 100% owned from 2025-10-31. Verification/AI-CX $ not a TU line item in pages used.,yes,TIXT dropped as a ticker. Parent remains.,https://www.telus.com/about/news-and-events/media-releases/telus-completes-privatization-of-telus-digital,n/a as TIXT,n/a as TIXT,n/a,not extracted,no,1990 (TELUS); Digital/TIXT older as TELUS International,no (telecom + digital),,n/a as TIXT,TU digital segment commentary,n/a,Parent of dropped TIXT. Not a verification pure-play.,not extracted,not extracted,not in the record,TIXT privatized 2025-10-31,not pulled,1 as this shift,telecom parent,yes (NYSE listed),not pulled,not in the record,not in the record this pass,,https://www.telus.com/about/news-and-events/media-releases/telus-completes-privatization-of-telus-digital,2026-09-02,,
verification,AI data / HITL (DROPPED TICKER),TELUS Digital / TELUS International (Cda) Inc.,TIXT,NYSE/TSX (delisted),no — delisted,n/a (privatized),last trade ~2025-10-30,https://www.telus.com/about/news-and-events/media-releases/telus-completes-privatization-of-telus-digital,n/a,,TELUS completed acquisition of remaining shares 2025-10-31 at USD 4.50. Delisted NYSE/TSX.,https://www.telus.com/about/news-and-events/media-releases/telus-completes-privatization-of-telus-digital,,,,,,,,,,,,Starter name checked and dropped.,,,,,,,,no,,,,,https://www.telus.com/about/news-and-events/media-releases/telus-completes-privatization-of-telus-digital,2026-09-02,yes,Taken private by TELUS 2025-10-31; delisted NYSE/TSX
